year,title,artist,search_url,spotify_url
2021,Levitating,Dua Lipa,https://open.spotify.com/search/Levitating%20Dua%20Lipa,
2021,Mood,24kGoldn feat. iann dior,https://open.spotify.com/search/Mood%2024kGoldn%20feat.%20iann%20dior,
2021,Kiss Me More,Doja Cat feat. SZA,https://open.spotify.com/search/Kiss%20Me%20More%20Doja%20Cat%20feat.%20SZA,
2021,Leave the Door Open,Silk Sonic (Bruno Mars & Anderson .Paak),https://open.spotify.com/search/Leave%20the%20Door%20Open%20Silk%20Sonic%20%28Bruno%20Mars%20%26%20Anderson%20.Paak%29,
2021,Peaches,Justin Bieber feat. Daniel Caesar & Giveon,https://open.spotify.com/search/Peaches%20Justin%20Bieber%20feat.%20Daniel%20Caesar%20%26%20Giveon,
2021,Butter,BTS,https://open.spotify.com/search/Butter%20BTS,
2021,My Ex's Best Friend,Machine Gun Kelly feat. blackbear,https://open.spotify.com/search/My%20Ex%27s%20Best%20Friend%20Machine%20Gun%20Kelly%20feat.%20blackbear,
2021,Fancy Like,Walker Hayes,https://open.spotify.com/search/Fancy%20Like%20Walker%20Hayes,
2021,Dakiti,Bad Bunny & Jhay Cortez,https://open.spotify.com/search/Dakiti%20Bad%20Bunny%20%26%20Jhay%20Cortez,
2021,Best Friend,Saweetie feat. Doja Cat,https://open.spotify.com/search/Best%20Friend%20Saweetie%20feat.%20Doja%20Cat,
2021,For the Night,Pop Smoke feat. Lil Baby & DaBaby,https://open.spotify.com/search/For%20the%20Night%20Pop%20Smoke%20feat.%20Lil%20Baby%20%26%20DaBaby,
2021,Calling My Phone,Lil Tjay & 6LACK,https://open.spotify.com/search/Calling%20My%20Phone%20Lil%20Tjay%20%26%206LACK,
2021,Beautiful Mistakes,Maroon 5 feat. Megan Thee Stallion,https://open.spotify.com/search/Beautiful%20Mistakes%20Maroon%205%20feat.%20Megan%20Thee%20Stallion,
2021,Holy,Justin Bieber feat. Chance the Rapper,https://open.spotify.com/search/Holy%20Justin%20Bieber%20feat.%20Chance%20the%20Rapper,
2022,As It Was,Harry Styles,https://open.spotify.com/search/As%20It%20Was%20Harry%20Styles,
2022,Stay,The Kid LAROI & Justin Bieber,https://open.spotify.com/search/Stay%20The%20Kid%20LAROI%20%26%20Justin%20Bieber,
2022,Easy on Me,Adele,https://open.spotify.com/search/Easy%20on%20Me%20Adele,
2022,Shivers,Ed Sheeran,https://open.spotify.com/search/Shivers%20Ed%20Sheeran,
2022,First Class,Jack Harlow,https://open.spotify.com/search/First%20Class%20Jack%20Harlow,
2022,Big Energy,Latto,https://open.spotify.com/search/Big%20Energy%20Latto,
2022,Super Gremlin,Kodak Black,https://open.spotify.com/search/Super%20Gremlin%20Kodak%20Black,
2022,Cold Heart (Pnau Remix),Elton John & Dua Lipa,https://open.spotify.com/search/Cold%20Heart%20%28Pnau%20Remix%29%20Elton%20John%20%26%20Dua%20Lipa,
2022,Wait for U,Future feat. Drake & Tems,https://open.spotify.com/search/Wait%20for%20U%20Future%20feat.%20Drake%20%26%20Tems,
2022,About Damn Time,Lizzo,https://open.spotify.com/search/About%20Damn%20Time%20Lizzo,
2022,Bad Habits,Ed Sheeran,https://open.spotify.com/search/Bad%20Habits%20Ed%20Sheeran,
2022,That's What I Want,Lil Nas X,https://open.spotify.com/search/That%27s%20What%20I%20Want%20Lil%20Nas%20X,
2022,Enemy,Imagine Dragons & JID,https://open.spotify.com/search/Enemy%20Imagine%20Dragons%20%26%20JID,
2022,Industry Baby,Lil Nas X & Jack Harlow,https://open.spotify.com/search/Industry%20Baby%20Lil%20Nas%20X%20%26%20Jack%20Harlow,
2022,abcdefu,GAYLE,https://open.spotify.com/search/abcdefu%20GAYLE,
2022,Need to Know,Doja Cat,https://open.spotify.com/search/Need%20to%20Know%20Doja%20Cat,
2022,Me Porto Bonito,Bad Bunny & Chencho Corleone,https://open.spotify.com/search/Me%20Porto%20Bonito%20Bad%20Bunny%20%26%20Chencho%20Corleone,
2022,Woman,Doja Cat,https://open.spotify.com/search/Woman%20Doja%20Cat,
2022,Titi Me Pregunto,Bad Bunny,https://open.spotify.com/search/Titi%20Me%20Pregunto%20Bad%20Bunny,
2022,I Ain't Worried,OneRepublic,https://open.spotify.com/search/I%20Ain%27t%20Worried%20OneRepublic,
2022,We Don't Talk About Bruno,Encanto Cast,https://open.spotify.com/search/We%20Don%27t%20Talk%20About%20Bruno%20Encanto%20Cast,
2022,Late Night Talking,Harry Styles,https://open.spotify.com/search/Late%20Night%20Talking%20Harry%20Styles,
2022,I Like You (A Happier Song),Post Malone feat. Doja Cat,https://open.spotify.com/search/I%20Like%20You%20%28A%20Happier%20Song%29%20Post%20Malone%20feat.%20Doja%20Cat,
2022,Bad Habit,Steve Lacy,https://open.spotify.com/search/Bad%20Habit%20Steve%20Lacy,
2022,Sunroof,Nicky Youre & dazy,https://open.spotify.com/search/Sunroof%20Nicky%20Youre%20%26%20dazy,
2022,One Right Now,Post Malone & The Weeknd,https://open.spotify.com/search/One%20Right%20Now%20Post%20Malone%20%26%20The%20Weeknd,
2022,Numb Little Bug,Em Beihold,https://open.spotify.com/search/Numb%20Little%20Bug%20Em%20Beihold,
2023,Last Night,Morgan Wallen,https://open.spotify.com/search/Last%20Night%20Morgan%20Wallen,
2023,Flowers,Miley Cyrus,https://open.spotify.com/search/Flowers%20Miley%20Cyrus,
2023,Kill Bill,SZA,https://open.spotify.com/search/Kill%20Bill%20SZA,
2023,Anti-Hero,Taylor Swift,https://open.spotify.com/search/Anti-Hero%20Taylor%20Swift,
2023,Creepin',"Metro Boomin, The Weeknd & 21 Savage",https://open.spotify.com/search/Creepin%27%20Metro%20Boomin%2C%20The%20Weeknd%20%26%2021%20Savage,
2023,Calm Down,Rema & Selena Gomez,https://open.spotify.com/search/Calm%20Down%20Rema%20%26%20Selena%20Gomez,
2023,Die for You,The Weeknd & Ariana Grande,https://open.spotify.com/search/Die%20for%20You%20The%20Weeknd%20%26%20Ariana%20Grande,
2023,Fast Car,Luke Combs,https://open.spotify.com/search/Fast%20Car%20Luke%20Combs,
2023,Snooze,SZA,https://open.spotify.com/search/Snooze%20SZA,
2023,I'm Good (Blue),David Guetta & Bebe Rexha,https://open.spotify.com/search/I%27m%20Good%20%28Blue%29%20David%20Guetta%20%26%20Bebe%20Rexha,
2023,Unholy,Sam Smith & Kim Petras,https://open.spotify.com/search/Unholy%20Sam%20Smith%20%26%20Kim%20Petras,
2023,You Proof,Morgan Wallen,https://open.spotify.com/search/You%20Proof%20Morgan%20Wallen,
2023,Something in the Orange,Zach Bryan,https://open.spotify.com/search/Something%20in%20the%20Orange%20Zach%20Bryan,
2023,Rich Flex,Drake & 21 Savage,https://open.spotify.com/search/Rich%20Flex%20Drake%20%26%2021%20Savage,
2023,Rock and a Hard Place,Bailey Zimmerman,https://open.spotify.com/search/Rock%20and%20a%20Hard%20Place%20Bailey%20Zimmerman,
2023,Under the Influence,Chris Brown,https://open.spotify.com/search/Under%20the%20Influence%20Chris%20Brown,
2023,Thinkin' Bout Me,Morgan Wallen,https://open.spotify.com/search/Thinkin%27%20Bout%20Me%20Morgan%20Wallen,
2023,Boy's a Liar Pt. 2,PinkPantheress & Ice Spice,https://open.spotify.com/search/Boy%27s%20a%20Liar%20Pt.%202%20PinkPantheress%20%26%20Ice%20Spice,
2023,Favorite Song,Toosii,https://open.spotify.com/search/Favorite%20Song%20Toosii,
2023,Thought You Should Know,Morgan Wallen,https://open.spotify.com/search/Thought%20You%20Should%20Know%20Morgan%20Wallen,
2023,Thank God,Kane Brown & Katelyn Brown,https://open.spotify.com/search/Thank%20God%20Kane%20Brown%20%26%20Katelyn%20Brown,
2023,Sure Thing,Miguel,https://open.spotify.com/search/Sure%20Thing%20Miguel,
2023,All My Life,Lil Durk feat. J. Cole,https://open.spotify.com/search/All%20My%20Life%20Lil%20Durk%20feat.%20J.%20Cole,
2023,Ella Baila Sola,Eslabon Armado & Peso Pluma,https://open.spotify.com/search/Ella%20Baila%20Sola%20Eslabon%20Armado%20%26%20Peso%20Pluma,
2023,Karma,Taylor Swift feat. Ice Spice,https://open.spotify.com/search/Karma%20Taylor%20Swift%20feat.%20Ice%20Spice,
2023,Just Wanna Rock,Lil Uzi Vert,https://open.spotify.com/search/Just%20Wanna%20Rock%20Lil%20Uzi%20Vert,
2023,Cuff It,Beyonce,https://open.spotify.com/search/Cuff%20It%20Beyonce,
2023,Vampire,Olivia Rodrigo,https://open.spotify.com/search/Vampire%20Olivia%20Rodrigo,
2023,FukUMean,Gunna,https://open.spotify.com/search/FukUMean%20Gunna,
2023,Lavender Haze,Taylor Swift,https://open.spotify.com/search/Lavender%20Haze%20Taylor%20Swift,
2024,Lose Control,Teddy Swims,https://open.spotify.com/search/Lose%20Control%20Teddy%20Swims,
2024,A Bar Song (Tipsy),Shaboozey,https://open.spotify.com/search/A%20Bar%20Song%20%28Tipsy%29%20Shaboozey,
2024,Beautiful Things,Benson Boone,https://open.spotify.com/search/Beautiful%20Things%20Benson%20Boone,
2024,I Had Some Help,Post Malone feat. Morgan Wallen,https://open.spotify.com/search/I%20Had%20Some%20Help%20Post%20Malone%20feat.%20Morgan%20Wallen,
2024,Lovin on Me,Jack Harlow,https://open.spotify.com/search/Lovin%20on%20Me%20Jack%20Harlow,
2024,Not Like Us,Kendrick Lamar,https://open.spotify.com/search/Not%20Like%20Us%20Kendrick%20Lamar,
2024,Espresso,Sabrina Carpenter,https://open.spotify.com/search/Espresso%20Sabrina%20Carpenter,
2024,Million Dollar Baby,Tommy Richman,https://open.spotify.com/search/Million%20Dollar%20Baby%20Tommy%20Richman,
2024,I Remember Everything,Zach Bryan feat. Kacey Musgraves,https://open.spotify.com/search/I%20Remember%20Everything%20Zach%20Bryan%20feat.%20Kacey%20Musgraves,
2024,Too Sweet,Hozier,https://open.spotify.com/search/Too%20Sweet%20Hozier,
2024,Stick Season,Noah Kahan,https://open.spotify.com/search/Stick%20Season%20Noah%20Kahan,
2024,Cruel Summer,Taylor Swift,https://open.spotify.com/search/Cruel%20Summer%20Taylor%20Swift,
2024,Greedy,Tate McRae,https://open.spotify.com/search/Greedy%20Tate%20McRae,
2024,Like That,"Future, Metro Boomin & Kendrick Lamar",https://open.spotify.com/search/Like%20That%20Future%2C%20Metro%20Boomin%20%26%20Kendrick%20Lamar,
2024,Please Please Please,Sabrina Carpenter,https://open.spotify.com/search/Please%20Please%20Please%20Sabrina%20Carpenter,
2024,Agora Hills,Doja Cat,https://open.spotify.com/search/Agora%20Hills%20Doja%20Cat,
2024,"Good Luck, Babe!",Chappell Roan,https://open.spotify.com/search/Good%20Luck%2C%20Babe%21%20Chappell%20Roan,
2024,Saturn,SZA,https://open.spotify.com/search/Saturn%20SZA,
2024,Paint the Town Red,Doja Cat,https://open.spotify.com/search/Paint%20the%20Town%20Red%20Doja%20Cat,
2024,Fortnight,Taylor Swift feat. Post Malone,https://open.spotify.com/search/Fortnight%20Taylor%20Swift%20feat.%20Post%20Malone,
2024,Water,Tyla,https://open.spotify.com/search/Water%20Tyla,
2024,Feather,Sabrina Carpenter,https://open.spotify.com/search/Feather%20Sabrina%20Carpenter,
2024,We Can't Be Friends (Wait for Your Love),Ariana Grande,https://open.spotify.com/search/We%20Can%27t%20Be%20Friends%20%28Wait%20for%20Your%20Love%29%20Ariana%20Grande,
2024,Austin,Dasha,https://open.spotify.com/search/Austin%20Dasha,
2024,Cowgirls,Morgan Wallen feat. ERNEST,https://open.spotify.com/search/Cowgirls%20Morgan%20Wallen%20feat.%20ERNEST,
2024,Pink Skies,Zach Bryan,https://open.spotify.com/search/Pink%20Skies%20Zach%20Bryan,
2024,Texas Hold 'Em,Beyonce,https://open.spotify.com/search/Texas%20Hold%20%27Em%20Beyonce,
2024,Is It Over Now? (Taylor's Version),Taylor Swift,https://open.spotify.com/search/Is%20It%20Over%20Now%3F%20%28Taylor%27s%20Version%29%20Taylor%20Swift,
2024,Miles on It,Marshmello & Kane Brown,https://open.spotify.com/search/Miles%20on%20It%20Marshmello%20%26%20Kane%20Brown,
2024,I Can Do It with a Broken Heart,Taylor Swift,https://open.spotify.com/search/I%20Can%20Do%20It%20with%20a%20Broken%20Heart%20Taylor%20Swift,
2025,Die with a Smile,Lady Gaga & Bruno Mars,https://open.spotify.com/search/Die%20with%20a%20Smile%20Lady%20Gaga%20%26%20Bruno%20Mars,
2025,Luther,Kendrick Lamar & SZA,https://open.spotify.com/search/Luther%20Kendrick%20Lamar%20%26%20SZA,
2025,Birds of a Feather,Billie Eilish,https://open.spotify.com/search/Birds%20of%20a%20Feather%20Billie%20Eilish,
2025,Ordinary,Alex Warren,https://open.spotify.com/search/Ordinary%20Alex%20Warren,
2025,APT.,ROSE & Bruno Mars,https://open.spotify.com/search/APT.%20ROSE%20%26%20Bruno%20Mars,
2025,Pink Pony Club,Chappell Roan,https://open.spotify.com/search/Pink%20Pony%20Club%20Chappell%20Roan,
2025,Love Somebody,Morgan Wallen,https://open.spotify.com/search/Love%20Somebody%20Morgan%20Wallen,
2025,I'm the Problem,Morgan Wallen,https://open.spotify.com/search/I%27m%20the%20Problem%20Morgan%20Wallen,
2025,That's So True,Gracie Abrams,https://open.spotify.com/search/That%27s%20So%20True%20Gracie%20Abrams,
2025,TV Off,Kendrick Lamar feat. Lefty Gunplay,https://open.spotify.com/search/TV%20Off%20Kendrick%20Lamar%20feat.%20Lefty%20Gunplay,
2025,Timeless,The Weeknd & Playboi Carti,https://open.spotify.com/search/Timeless%20The%20Weeknd%20%26%20Playboi%20Carti,
2025,Just in Case,Morgan Wallen,https://open.spotify.com/search/Just%20in%20Case%20Morgan%20Wallen,
2025,Taste,Sabrina Carpenter,https://open.spotify.com/search/Taste%20Sabrina%20Carpenter,
2025,Squabble Up,Kendrick Lamar,https://open.spotify.com/search/Squabble%20Up%20Kendrick%20Lamar,
2025,30 for 30,SZA & Kendrick Lamar,https://open.spotify.com/search/30%20for%2030%20SZA%20%26%20Kendrick%20Lamar,
2025,Mutt,Leon Thomas,https://open.spotify.com/search/Mutt%20Leon%20Thomas,
2025,Good News,Shaboozey,https://open.spotify.com/search/Good%20News%20Shaboozey,
2025,Nokia,Drake,https://open.spotify.com/search/Nokia%20Drake,
2025,Golden,"HUNTR/X: EJAE, Audrey Nuna & REI AMI",https://open.spotify.com/search/Golden%20HUNTR/X%3A%20EJAE%2C%20Audrey%20Nuna%20%26%20REI%20AMI,
2025,Wildflower,Billie Eilish,https://open.spotify.com/search/Wildflower%20Billie%20Eilish,
2025,What I Want,Morgan Wallen feat. Tate McRae,https://open.spotify.com/search/What%20I%20Want%20Morgan%20Wallen%20feat.%20Tate%20McRae,
2025,Messy,Lola Young,https://open.spotify.com/search/Messy%20Lola%20Young,
2025,Stargazing,Myles Smith,https://open.spotify.com/search/Stargazing%20Myles%20Smith,
2025,Love Me Not,Ravyn Lenae,https://open.spotify.com/search/Love%20Me%20Not%20Ravyn%20Lenae,
2025,No One Noticed,The Marias,https://open.spotify.com/search/No%20One%20Noticed%20The%20Marias,
2025,All the Way,BigXthaPlug feat. Bailey Zimmerman,https://open.spotify.com/search/All%20the%20Way%20BigXthaPlug%20feat.%20Bailey%20Zimmerman,
2025,Worst Way,Riley Green,https://open.spotify.com/search/Worst%20Way%20Riley%20Green,
2025,Sailor Song,Gigi Perez,https://open.spotify.com/search/Sailor%20Song%20Gigi%20Perez,
2025,Sorry I'm Here for Someone Else,Benson Boone,https://open.spotify.com/search/Sorry%20I%27m%20Here%20for%20Someone%20Else%20Benson%20Boone,
2025,Manchild,Sabrina Carpenter,https://open.spotify.com/search/Manchild%20Sabrina%20Carpenter,
2026,Choosin' Texas,Ella Langley,https://open.spotify.com/search/Choosin%27%20Texas%20Ella%20Langley,
2026,Janice STFU,Drake,https://open.spotify.com/search/Janice%20STFU%20Drake,
2026,The Fate of Ophelia,Taylor Swift,https://open.spotify.com/search/The%20Fate%20of%20Ophelia%20Taylor%20Swift,
2026,Opalite,Taylor Swift,https://open.spotify.com/search/Opalite%20Taylor%20Swift,
2026,"I Knew It, I Knew You",Taylor Swift,https://open.spotify.com/search/I%20Knew%20It%2C%20I%20Knew%20You%20Taylor%20Swift,
2026,I Just Might,Bruno Mars,https://open.spotify.com/search/I%20Just%20Might%20Bruno%20Mars,
2026,Man I Need,Olivia Dean,https://open.spotify.com/search/Man%20I%20Need%20Olivia%20Dean,
2026,Aperture,Harry Styles,https://open.spotify.com/search/Aperture%20Harry%20Styles,
2026,DTMF,Bad Bunny,https://open.spotify.com/search/DTMF%20Bad%20Bunny,
2026,Swim,BTS,https://open.spotify.com/search/Swim%20BTS,
2026,Drop Dead,Olivia Rodrigo,https://open.spotify.com/search/Drop%20Dead%20Olivia%20Rodrigo,
2026,Hate That I Made You Love Me,Ariana Grande,https://open.spotify.com/search/Hate%20That%20I%20Made%20You%20Love%20Me%20Ariana%20Grande,
2026,Be Her,Ella Langley,https://open.spotify.com/search/Be%20Her%20Ella%20Langley,
2026,I Can't Love You Anymore,Ella Langley & Morgan Wallen,https://open.spotify.com/search/I%20Can%27t%20Love%20You%20Anymore%20Ella%20Langley%20%26%20Morgan%20Wallen,
2026,Dracula,Tame Impala & JENNIE,https://open.spotify.com/search/Dracula%20Tame%20Impala%20%26%20JENNIE,
2026,So Easy (To Fall in Love),Olivia Dean,https://open.spotify.com/search/So%20Easy%20%28To%20Fall%20in%20Love%29%20Olivia%20Dean,
2026,Stateside,PinkPantheress & Zara Larsson,https://open.spotify.com/search/Stateside%20PinkPantheress%20%26%20Zara%20Larsson,
2026,Honeybee,Olivia Rodrigo,https://open.spotify.com/search/Honeybee%20Olivia%20Rodrigo,
2026,Stupid Song,Olivia Rodrigo,https://open.spotify.com/search/Stupid%20Song%20Olivia%20Rodrigo,
2026,Ran to Atlanta,Drake feat. Molly Santana,https://open.spotify.com/search/Ran%20to%20Atlanta%20Drake%20feat.%20Molly%20Santana,
2026,Whisper My Name,Drake,https://open.spotify.com/search/Whisper%20My%20Name%20Drake,
2026,Shabang,Drake,https://open.spotify.com/search/Shabang%20Drake,
2026,National Treasures,Drake,https://open.spotify.com/search/National%20Treasures%20Drake,
2026,Make Them Cry,Drake,https://open.spotify.com/search/Make%20Them%20Cry%20Drake,
2026,Boston,Stella Lefty,https://open.spotify.com/search/Boston%20Stella%20Lefty,
2026,Risk It All,Bruno Mars,https://open.spotify.com/search/Risk%20It%20All%20Bruno%20Mars,
2026,Midnight Sun,Zara Larsson,https://open.spotify.com/search/Midnight%20Sun%20Zara%20Larsson,
2026,Folded,Kehlani,https://open.spotify.com/search/Folded%20Kehlani,
2026,Back to Friends,sombr,https://open.spotify.com/search/Back%20to%20Friends%20sombr,
2026,Dust,Drake,https://open.spotify.com/search/Dust%20Drake,
